﻿{
   "CodeGenerationMode": 4,
   "ContextClassName": "xcleratesystemslinks_SampleDBContext",
   "ContextNamespace": null,
   "FilterSchemas": false,
   "IncludeConnectionString": true,
   "IrregularWords": null,
   "MinimumProductVersion": "2.6.1301",
   "ModelNamespace": null,
   "OutputContextPath": "Data",
   "OutputPath": "Models",
   "PluralRules": null,
   "PreserveCasingWithRegex": true,
   "ProjectRootNamespace": "APIPSI16",
   "Schemas": null,
   "SelectedHandlebarsLanguage": 2,
   "SelectedToBeGenerated": 0,
   "SingularRules": null,
   "T4TemplatePath": null,
   "Tables": [
      {
         "Name": "[dbo].[Applications]",
         "ObjectType": 0
      },
      {
         "Name": "[dbo].[AuditLog]",
         "ObjectType": 0
      },
      {
         "Name": "[dbo].[Chat]",
         "ObjectType": 0
      },
      {
         "Name": "[dbo].[ChatMessages]",
         "ObjectType": 0
      },
      {
         "Name": "[dbo].[ChatUsers]",
         "ObjectType": 0
      },
      {
         "Name": "[dbo].[Companies]",
         "ObjectType": 0
      },
      {
         "Name": "[dbo].[CompanyMembers]",
         "ObjectType": 0
      },
      {
         "Name": "[dbo].[EmployerCandidateHistory]",
         "ObjectType": 0
      },
      {
         "Name": "[dbo].[Opportunities]",
         "ObjectType": 0
      },
      {
         "Name": "[dbo].[Users]",
         "ObjectType": 0
      }
   ],
   "UiHint": null,
   "UncountableWords": null,
   "UseAsyncStoredProcedureCalls": true,
   "UseBoolPropertiesWithoutDefaultSql": false,
   "UseDatabaseNames": false,
   "UseDatabaseNamesForRoutines": true,
   "UseDateOnlyTimeOnly": true,
   "UseDbContextSplitting": false,
   "UseDecimalDataAnnotationForSprocResult": true,
   "UseFluentApiOnly": true,
   "UseHandleBars": false,
   "UseHierarchyId": false,
   "UseInflector": true,
   "UseInternalAccessModifiersForSprocsAndFunctions": false,
   "UseLegacyPluralizer": false,
   "UseManyToManyEntity": false,
   "UseNoDefaultConstructor": false,
   "UseNoNavigations": false,
   "UseNoObjectFilter": false,
   "UseNodaTime": false,
   "UseNullableReferences": false,
   "UsePrefixNavigationNaming": false,
   "UseSchemaFolders": false,
   "UseSchemaNamespaces": false,
   "UseSpatial": false,
   "UseT4": false,
   "UseT4Split": false
}